caption,image_file
a photo of LEJAD around age 55,replicate-prediction-26jyigjbojl3umm7aaz6pmqouq.png
a photo of LEJAD around age 55,replicate-prediction-555i3wjbtejqpcjkleqb6c2ude.png
a photo of LEJAD around age 60,replicate-prediction-5a4pkebbjfg5u6vkxyd4eke6iq.png
a photo of LEJAD around age 24,replicate-prediction-alfabyjbibuazbimuadcnxhgfm.png
a photo of LEJAD around age 55,replicate-prediction-bbo4lcrbumsre56xp3ykm7by7q.png
a photo of LEJAD around age 53,replicate-prediction-bji6vwjbw7nkil6nrw3x45bbue.png
a photo of LEJAD around age 53,replicate-prediction-dx4pqybb526uoax4facshkliaa.png
a photo of LEJAD around age 8,replicate-prediction-egu5pgzbg5gb7xfpqhwgi7rc6q.png
a photo of LEJAD around age 55,replicate-prediction-eh7umfrbexa5febgbmnwnakfwu.png
a photo of LEJAD around age 60,replicate-prediction-iazgewzbqlxmhkqcayquvf4dza.png
a photo of LEJAD around age 28,replicate-prediction-llcht6bcditdcirertepqesyvm.png
a photo of LEJAD around age 50,replicate-prediction-mdvcd4jb2xbyxjtbf7loigs4ni.png
a photo of LEJAD around age 25,replicate-prediction-monavnzcp3soespzvt2mb3k42i.png
a photo of LEJAD around age 60,replicate-prediction-o5vcosrb3snp3ikweqaq77b3pu.png
a photo of LEJAD around age 30,replicate-prediction-pbu3oebcacqook3kyzy57vhuwu.png
a photo of LEJAD around age 55,replicate-prediction-qpo2ndjbqmnygbjseup7kxo3eu.png
a photo of LEJAD around age 60,replicate-prediction-r3hns2bbqnuowhi7lgrsos4tzy.png
a photo of LEJAD around age 20,replicate-prediction-rchubgbcotgxulrcgftietkbfy.png
a photo of LEJAD age 49,replicate-prediction-s4d37czccgy7r2uzox7ycvorgy.png
a photo of LEJAD age 55,replicate-prediction-uywomkzbnvlv4fehnyprtc4htm.png
a photo of LEJAD age 57,replicate-prediction-w4yi64bb4sragq4m2wuxmxempa.png
a photo of LEJAD around age 53,replicate-prediction-xbd536zbrsnobg5a3nkx2jcnre.png
a photo of LEJAD age 49,replicate-prediction-xeokiyzbopwzre5cz7h4strbfa.png
a photo of LEJAD age 21,replicate-prediction-xglpdhjb57hgkzjjxdndlzt5ce.png
a photo of LEJAD age 24,replicate-prediction-y6y5bfbcfsehpcgl6we674mwxu.png
a photo of LEJAD around age 58,replicate-prediction-yoaecurbyd5bl3nxmaafjuej6q.png
a photo of LEJAD around age 27,replicate-prediction-yxk3qfrchs6aqigc3spl3m2one.png
a photo of LEJAD around age 31,replicate-prediction-yynal5zbsewfzdk5ktabppxtrq.png
a photo of LEJAD around age 53,replicate-prediction-zpycapzbnm2ns2snzv5ubx7qz4.png
a photo of LEJAD around age 58,replicate-prediction-ztu2yvrbx66zldktpzjmazfm3i.png
